{
    "sound": 85.56514739990235,
    "mouse": 18.40548324584961,
    "pose": 0
}